title,price,star_rating,availability,category
A Light in the Attic,£51.77,Three,In stock,Poetry
Tipping the Velvet,£53.74,One,In stock,Historical Fiction
Soumission,£50.10,One,In stock,Fiction
Sharp Objects,£47.82,Four,In stock,Mystery
Sapiens: A Brief History of Humankind,£54.23,Five,In stock,History
The Requiem Red,£22.65,One,In stock,Young Adult
The Dirty Little Secrets of Getting Your Dream Job,£33.34,Four,In stock,Business
"The Coming Woman: A Novel Based on the Life of the Infamous Feminist, Victoria Woodhull",£17.93,Three,In stock,Default
The Boys in the Boat: Nine Americans and Their Epic Quest for Gold at the 1936 Berlin Olympics,£22.60,Four,In stock,Default
The Black Maria,£52.15,One,In stock,Poetry
"Starving Hearts (Triangular Trade Trilogy, #1)",£13.99,Two,In stock,Default
Shakespeare's Sonnets,£20.66,Four,In stock,Poetry
Set Me Free,£17.46,Five,In stock,Young Adult
Scott Pilgrim's Precious Little Life (Scott Pilgrim #1),£52.29,Five,In stock,Sequential Art
Rip it Up and Start Again,£35.02,Five,In stock,Music
"Our Band Could Be Your Life: Scenes from the American Indie Underground, 1981-1991",£57.25,Three,In stock,Music
Olio,£23.88,One,In stock,Poetry
Mesaerion: The Best Science Fiction Stories 1800-1849,£37.59,One,In stock,Science Fiction
Libertarianism for Beginners,£51.33,Two,In stock,Politics
It's Only the Himalayas,£45.17,Two,In stock,Travel
In Her Wake,£12.84,One,In stock,Thriller
How Music Works,£37.32,Two,In stock,Music
"Foolproof Preserving: A Guide to Small Batch Jams, Jellies, Pickles, Condiments, and More: A Foolproof Guide to Making Small Batch Jams, Jellies, Pickles, Condiments, and More",£30.52,Three,In stock,Food and Drink
Chase Me (Paris Nights #2),£25.27,Five,In stock,Romance
Black Dust,£34.53,Five,In stock,Romance
Birdsong: A Story in Pictures,£54.64,Three,In stock,Childrens
America's Cradle of Quarterbacks: Western Pennsylvania's Football Factory from Johnny Unitas to Joe Montana,£22.50,Three,In stock,Default
Aladdin and His Wonderful Lamp,£53.13,Three,In stock,Default
Worlds Elsewhere: Journeys Around Shakespeare’s Globe,£40.30,Five,In stock,Nonfiction
Wall and Piece,£44.18,Four,In stock,Art
The Four Agreements: A Practical Guide to Personal Freedom,£17.66,Five,In stock,Spirituality
The Five Love Languages: How to Express Heartfelt Commitment to Your Mate,£31.05,Three,In stock,Nonfiction
The Elephant Tree,£23.82,Five,In stock,Thriller
The Bear and the Piano,£36.89,One,In stock,Childrens
Sophie's World,£15.94,Five,In stock,Philosophy
Penny Maybe,£33.29,Three,In stock,Default
Maude (1883-1993):She Grew Up with the country,£18.02,Two,In stock,Default
"In a Dark, Dark Wood",£19.63,One,In stock,Mystery
Behind Closed Doors,£52.22,Four,In stock,Thriller
You can't bury them all: Poems,£33.63,Two,In stock,Poetry
Slow States of Collapse: Poems,£57.31,Three,In stock,Poetry
Reasons to Stay Alive,£26.41,Two,In stock,Nonfiction
Private Paris (Private #10),£47.61,Five,In stock,Fiction
#HigherSelfie: Wake Up Your Life. Free Your Soul. Find Your Tribe.,£23.11,Five,In stock,Nonfiction
Without Borders (Wanderlove #1),£45.07,Two,In stock,New Adult
When We Collided,£31.77,One,In stock,Contemporary
"We Love You, Charlie Freeman",£50.27,Five,In stock,Fiction
Untitled Collection: Sabbath Poems 2014,£14.27,Four,In stock,Poetry
"Unseen City: The Majesty of Pigeons, the Discreet Charm of Snails & Other Wonders of the Urban Wilderness",£44.18,Four,In stock,Nonfiction
Unicorn Tracks,£18.78,Three,In stock,Fantasy
"Unbound: How Eight Technologies Made Us Human, Transformed Society, and Brought Our World to the Brink",£25.52,One,In stock,History
Tsubasa: WoRLD CHRoNiCLE 2 (Tsubasa WoRLD CHRoNiCLE #2),£16.28,One,In stock,Sequential Art
Throwing Rocks at the Google Bus: How Growth Became the Enemy of Prosperity,£31.12,Three,In stock,Nonfiction
This One Summer,£19.49,Four,In stock,Sequential Art
Thirst,£17.27,Five,In stock,Fiction
The Torch Is Passed: A Harding Family Story,£19.09,One,In stock,Add a comment
The Secret of Dreadwillow Carse,£56.13,One,In stock,Childrens
"The Pioneer Woman Cooks: Dinnertime: Comfort Classics, Freezer Food, 16-Minute Meals, and Other Delicious Ways to Solve Supper!",£56.41,One,In stock,Food and Drink
The Past Never Ends,£56.50,Four,In stock,Mystery
The Natural History of Us (The Fine Art of Pretending #2),£45.22,Three,In stock,Young Adult
The Nameless City (The Nameless City #1),£38.16,Four,In stock,Sequential Art
The Murder That Never Was (Forensic Instincts #5),£54.11,Three,In stock,Fiction
The Most Perfect Thing: Inside (and Outside) a Bird's Egg,£42.96,Four,In stock,Science
"The Mindfulness and Acceptance Workbook for Anxiety: A Guide to Breaking Free from Anxiety, Phobias, and Worry Using Acceptance and Commitment Therapy",£23.89,Four,In stock,Add a comment
The Life-Changing Magic of Tidying Up: The Japanese Art of Decluttering and Organizing,£16.77,Three,In stock,Nonfiction
"The Inefficiency Assassin: Time Management Tactics for Working Smarter, Not Longer",£20.59,Five,In stock,Default
The Gutsy Girl: Escapades for Your Life of Epic Adventure,£37.13,One,In stock,Nonfiction
The Electric Pencil: Drawings from Inside State Hospital No. 3,£56.06,One,In stock,Nonfiction
The Death of Humanity: and the Case for Life,£58.11,Four,In stock,Philosophy
"The Bulletproof Diet: Lose up to a Pound a Day, Reclaim Energy and Focus, Upgrade Your Life",£49.05,Three,In stock,Health
The Art Forger,£40.76,Three,In stock,Add a comment
The Age of Genius: The Seventeenth Century and the Birth of the Modern Mind,£19.73,One,In stock,History
The Activist's Tao Te Ching: Ancient Advice for a Modern Revolution,£32.24,Five,In stock,Spirituality
Spark Joy: An Illustrated Master Class on the Art of Organizing and Tidying Up,£41.83,Four,In stock,Nonfiction
Soul Reader,£39.58,Two,In stock,Default
Security,£39.25,Two,In stock,Horror
"Saga, Volume 6 (Saga (Collected Editions) #6)",£25.02,Three,In stock,Fantasy
"Saga, Volume 5 (Saga (Collected Editions) #5)",£51.04,Two,In stock,Sequential Art
Reskilling America: Learning to Labor in the Twenty-First Century,£19.83,Two,In stock,Nonfiction
"Rat Queens, Vol. 3: Demons (Rat Queens (Collected Editions) #11-15)",£50.40,Three,In stock,Sequential Art
"Princess Jellyfish 2-in-1 Omnibus, Vol. 01 (Princess Jellyfish 2-in-1 Omnibus #1)",£13.61,Five,In stock,Sequential Art
Princess Between Worlds (Wide-Awake Princess #5),£13.34,Five,In stock,Fantasy
"Pop Gun War, Volume 1: Gift",£18.97,One,In stock,Sequential Art
"Political Suicide: Missteps, Peccadilloes, Bad Calls, Backroom Hijinx, Sordid Pasts, Rotten Breaks, and Just Plain Dumb Mistakes in the Annals of American Politics",£36.28,Two,In stock,History
Patience,£10.16,Three,In stock,Sequential Art
"Outcast, Vol. 1: A Darkness Surrounds Him (Outcast #1)",£15.44,Four,In stock,Sequential Art
orange: The Complete Collection 1 (orange: The Complete Collection #1),£48.41,One,In stock,Sequential Art
Online Marketing for Busy Authors: A Step-By-Step Guide,£46.35,One,In stock,Self Help
On a Midnight Clear,£14.07,Three,In stock,Add a comment
Obsidian (Lux #1),£14.86,Two,In stock,Young Adult
My Paris Kitchen: Recipes and Stories,£33.37,Two,In stock,Food and Drink
Masks and Shadows,£56.40,Two,In stock,Fantasy
"Mama Tried: Traditional Italian Cooking for the Screwed, Crude, Vegan, and Tattooed",£14.02,Four,In stock,Food and Drink
"Lumberjanes, Vol. 2: Friendship to the Max (Lumberjanes #5-8)",£46.91,Two,In stock,Sequential Art
"Lumberjanes, Vol. 1: Beware the Kitten Holy (Lumberjanes #1-4)",£45.61,Three,In stock,Sequential Art
Lumberjanes Vol. 3: A Terrible Plan (Lumberjanes #9-12),£19.92,Two,In stock,Sequential Art
"Layered: Baking, Building, and Styling Spectacular Cakes",£40.11,One,In stock,Food and Drink
Judo: Seven Steps to Black Belt (an Introductory Guide for Beginners),£53.90,Two,In stock,Add a comment
Join,£35.67,Five,In stock,Science Fiction
In the Country We Love: My Family Divided,£22.00,Four,In stock,Nonfiction
